Site_1:1,amino_acid_counter
1,0.13333333333333333
2,0.02666666666666667
3,0.21333333333333335
4,0.26666666666666666
5,0.0
6,0.08
7,0.013333333333333334
8,0.26666666666666666
