Site_1:1,amino_acid_counter
.,0.015034965034965037
A,0.015034965034965035
C,0.01503496503496504
D,0.015034965034965037
E,0.015034965034965037
F,0.015034965034965037
G,0.015034965034965039
H,0.015034965034965037
I,0.015034965034965035
K,0.015034965034965037
L,0.015034965034965039
M,0.015034965034965035
N,0.015034965034965039
P,0.015034965034965039
Q,0.015034965034965035
R,0.015034965034965037
S,0.6993006993006993
T,0.015034965034965037
V,0.015034965034965037
W,0.015034965034965037
Y,0.015034965034965035
