Site_1:1,amino_acid_counter
.,0.03337138827989943
A,0.1055733816916408
C,0.049436026806699646
D,0.03308542381277395
E,0.05849300881708736
F,0.045189598863047256
G,0.055126504712506796
H,0.06385486795865371
I,0.024595949139629578
K,0.04223471581517253
L,0.035596356710447544
M,0.04895539876830119
N,0.04830047704564832
P,0.06857565586221176
Q,0.03260674108526998
R,0.03993831741413978
S,0.04824590023542725
T,0.03959243230706695
V,0.06385486795865371
W,0.03317135997852141
Y,0.030201626737201084
