Site_1:1,amino_acid_counter
.,0.0
A,0.0
C,0.0
D,0.0
E,0.0
F,0.08929846901364952
G,0.0
H,0.04581234587887921
I,0.2068152542356123
K,0.0
L,0.08368702565946418
M,0.04523518246623191
N,0.03020435422298345
P,0.0
Q,0.06680079271176109
R,0.04642317715726427
S,0.023211588578632134
T,0.006766629179283219
V,0.1392695314717928
W,0.06719144062235617
Y,0.14928420880208973
