Site_1:1,amino_acid_counter
.,0.0
A,0.0
C,0.0
D,0.0
E,0.0
F,0.12272525319321581
G,0.0
H,0.055396815677493244
I,0.17726981016797838
K,0.0
L,0.07368182818717928
M,0.044317452541994595
N,0.028408623424355513
P,0.0
Q,0.05657547133020587
R,0.025784699660796852
S,0.01969664557421982
T,0.006702072218071017
V,0.1236766117451012
W,0.09208821307427449
Y,0.17367650320511396
