Site_1:1,amino_acid_counter
.,0.040459674227885545
A,0.05040354375560083
C,0.05015015350630581
D,0.035358114773712306
E,0.03672707907243641
F,0.06080147760728072
G,0.037085668230903146
H,0.07087998340631366
I,0.048003375005334116
K,0.03324500022738781
L,0.04645358833729127
M,0.04786700178088715
N,0.045632578949563685
P,0.03572235591350253
Q,0.048310940149831554
R,0.039632538537461806
S,0.04623052308752348
T,0.05651883880482822
V,0.051092387112574834
W,0.061208553725809745
Y,0.058216623787565445
