Site_1:1,amino_acid_counter
.,0.044683700117619934
A,0.04239043610413463
C,0.06196182696672905
D,0.03371810514273985
E,0.026923792015090278
F,0.07375018781338327
G,0.032879272607748304
H,0.06488965682932717
I,0.04599656695327108
K,0.03246560835977339
L,0.04724713376138935
M,0.052574076027588845
N,0.05047238673757016
P,0.032473218319071996
Q,0.04544852275127466
R,0.029805775385719657
S,0.04553660128373837
T,0.05315081559016171
V,0.04765458273879597
W,0.07354671848424331
Y,0.06243101601062901
