Site_1:1,amino_acid_counter
.,0.05899162576279731
A,0.02068015726860883
C,0.041117018569351675
D,0.057762633559405696
E,0.035276628060314744
F,0.0480075079449848
G,0.035662720187702994
H,0.032593205394000485
I,0.08289296371834041
K,0.045899861254717164
L,0.05632880932211549
M,0.042063721247034294
N,0.04347849776149566
P,0.02859770319430479
Q,0.05911185326095519
R,0.04927209595914536
S,0.04336162007934111
T,0.052129752627194145
V,0.031099497829726732
W,0.06817066128187839
Y,0.06750146571658468
