Site_1:1,amino_acid_counter
.,0.0
A,0.0
C,0.0
D,0.0
E,0.05577768814645313
F,0.10772607904969121
G,0.0
H,0.05684520370906468
I,0.059403237875972584
K,0.0
L,0.04326713984111114
M,0.10134410661255164
N,0.0812031642889215
P,0.0
Q,0.07482966011508176
R,0.0
S,0.11400621410540193
T,0.05422557049926826
V,0.09000490587268573
W,0.08684683899995992
Y,0.07452019088383657
